{
  "version" : "1.4.0",
  "workflowNames" : [ "Nuveen_LevFin_ISGP_Refresh" ],
  "title" : "LevFin_ISGP_Refresh_Schedule",
  "submitOrderToControllerWhenPlanned" : true,
  "planOrderAutomatically" : true,
  "calendars" : [ {
    "calendarName" : "LevFin_Process_Calendar",
    "timeZone" : "America/New_York",
    "includes" : {
      "weekdays" : [ {
        "from" : "2023-10-31",
        "days" : [ 2, 3, 4, 5, 6 ]
      } ]
    },
    "periods" : [ {
      "singleStart" : "01:00:00",
      "whenHoliday" : "SUPPRESS"
    } ]
  } ],
  "orderParameterisations" : [ ]
}