{
  "version" : "1.4.0",
  "workflowNames" : [ "Nuveen_LevFin_EOD_Publish_Process" ],
  "title" : "LevFin EOD Publish Schedule",
  "submitOrderToControllerWhenPlanned" : true,
  "planOrderAutomatically" : true,
  "calendars" : [ {
    "calendarName" : "LevFin_Process_Calendar",
    "timeZone" : "America/New_York",
    "includes" : {
      "weekdays" : [ {
        "days" : [ 2, 3, 4, 5, 6 ]
      } ]
    },
    "periods" : [ {
      "singleStart" : "05:30:00",
      "whenHoliday" : "SUPPRESS"
    } ]
  } ],
  "orderParameterisations" : [ ]
}