{
  "version" : "1.4.0",
  "workflowNames" : [ "Nuveen_LevFin_Ratings_Delta_Load_Process" ],
  "title" : "LevFin_Ratings_Delta_Schedule",
  "submitOrderToControllerWhenPlanned" : true,
  "planOrderAutomatically" : true,
  "calendars" : [ {
    "calendarName" : "LevFin_Process_Calendar",
    "timeZone" : "America/New_York",
    "includes" : {
      "weekdays" : [ {
        "days" : [ 2, 3, 4, 5, 6 ]
      } ]
    },
    "periods" : [ {
      "singleStart" : "04:50:00",
      "whenHoliday" : "SUPPRESS"
    } ]
  } ],
  "orderParameterisations" : [ ]
}