{
  "TYPE" : "Workflow",
  "version" : "1.1.0",
  "timeZone" : "America/New_York",
  "orderPreparation" : {
    "parameters" : {
      "checkDependency" : {
        "type" : "Boolean",
        "default" : "true"
      },
      "file_pattern" : {
        "type" : "String",
        "default" : "'LRD-*-.*\\.json'"
      },
      "dayMinus" : {
        "type" : "String",
        "default" : "'0'"
      },
      "jobConfigText" : {
        "type" : "String",
        "default" : "'Markit LRD Dataload Parent Job'"
      }
    },
    "allowUndeclared" : false
  },
  "instructions" : [ {
    "TYPE" : "If",
    "predicate" : "$checkDependency==true",
    "then" : {
      "instructions" : [ {
        "TYPE" : "Execute.Named",
        "jobName" : "Echo_Dependency_Check",
        "label" : "Echo_Dependency_Check"
      }, {
        "TYPE" : "Execute.Named",
        "jobName" : "JBLG_Check",
        "label" : "JBLG_Check"
      }, {
        "TYPE" : "If",
        "predicate" : "$count.toNumber > 0",
        "then" : {
          "instructions" : [ {
            "TYPE" : "Execute.Named",
            "jobName" : "Echo_Fileload_Completed",
            "label" : "Echo_Fileload_Completed"
          }, {
            "TYPE" : "Execute.Named",
            "jobName" : "Nuveen_LevFin_Eagle_Load_Process",
            "label" : "Nuveen_LevFin_Eagle_Load_Proce"
          }, {
            "TYPE" : "Execute.Named",
            "jobName" : "Eagle_Completion_Job",
            "label" : "Eagle_Completion_Job"
          }, {
            "TYPE" : "If",
            "predicate" : "$eglcount.toNumber > 0",
            "then" : {
              "instructions" : [ {
                "TYPE" : "Execute.Named",
                "jobName" : "BBG_Load_Check",
                "label" : "BBG_Load_Check"
              }, {
                "TYPE" : "If",
                "predicate" : "$bbloadcount.toNumber > 0",
                "then" : {
                  "instructions" : [ {
                    "TYPE" : "Execute.Named",
                    "jobName" : "Echo_BB_Fileload_Completed",
                    "label" : "Echo_BB_Fileload_Completed"
                  } ]
                },
                "else" : {
                  "instructions" : [ {
                    "TYPE" : "Execute.Named",
                    "jobName" : "Echo_BB_Fileload_Started",
                    "label" : "Echo_BB_FileEcho_Bload_Started"
                  }, {
                    "TYPE" : "Execute.Named",
                    "jobName" : "Nuveen_LevFin_BBPerSec_Load_Process",
                    "label" : "Nuveen_LevFin_BBPerSec_Load_Process"
                  } ]
                }
              } ]
            },
            "else" : {
              "instructions" : [ {
                "TYPE" : "Execute.Named",
                "jobName" : "Echo_Eagle_Fileload_Not_Complete",
                "label" : "Echo_Eagle_Fileload_Not_Comple"
              } ]
            }
          } ]
        },
        "else" : {
          "instructions" : [ {
            "TYPE" : "Execute.Named",
            "jobName" : "Echo_Fileload_Not_Completed",
            "label" : "Echo_Fileload_Not_Completed"
          } ]
        }
      } ]
    },
    "else" : {
      "instructions" : [ {
        "TYPE" : "Execute.Named",
        "jobName" : "Echo_No_Dependency",
        "label" : "Echo_No_Dependency"
      }, {
        "TYPE" : "Execute.Named",
        "jobName" : "Nuveen_LevFin_Eagle_Load_Process",
        "label" : "Eagle_Load_Without_Dependency"
      } ]
    }
  } ],
  "jobs" : {
    "Echo_Dependency_Check" : {
      "agentName" : "JSAgent",
      "withSubagentClusterIdExpr" : false,
      "executable" : {
        "TYPE" : "ShellScriptExecutable",
        "script" : "echo \"no dependency check\"",
        "v1Compatible" : false
      },
      "skipIfNoAdmissionForOrderDay" : false,
      "parallelism" : 1,
      "graceTimeout" : 15,
      "failOnErrWritten" : false,
      "warnOnErrWritten" : false
    },
    "JBLG_Check" : {
      "agentName" : "JSAgent",
      "withSubagentClusterIdExpr" : false,
      "executable" : {
        "TYPE" : "InternalExecutable",
        "className" : "com.sos.jitl.jobs.db.SQLExecutorJob",
        "arguments" : {
          "command" : "\"select count(*) as count from ser_gs_gc.ft_t_jblg where job_id in ( \nSELECT prnt_job_id   FROM ser_gs_gc.ft_t_jblg WHERE (UPPER(job_input_txt) ~* (UPPER('$file_pattern') ) OR UPPER(job_msg_typ) ~* (UPPER('$file_pattern'))) \nAND date_trunc('day', ser_gs_gc.sysdate() - interval '$dayMinus days') = date_trunc('day', job_start_tms) AND job_end_tms IS NOT null\n) and job_config_txt = '$jobConfigText' and job_stat_typ ='CLOSED'\"",
          "resultset_as_variables" : "\"column_value\"",
          "hibernate_configuration_file" : "\"/ext/app/jobscheduler/base/sos-berlin.com/joc/resources/joc/hibernate.cfg.xml\""
        }
      },
      "skipIfNoAdmissionForOrderDay" : false,
      "parallelism" : 1,
      "graceTimeout" : 15,
      "failOnErrWritten" : false,
      "warnOnErrWritten" : false
    },
    "Echo_Fileload_Completed" : {
      "agentName" : "JSAgent",
      "withSubagentClusterIdExpr" : false,
      "executable" : {
        "TYPE" : "ShellScriptExecutable",
        "script" : "echo \"File has been loaded. Proceeding!\"",
        "v1Compatible" : false
      },
      "skipIfNoAdmissionForOrderDay" : false,
      "parallelism" : 1,
      "graceTimeout" : 15,
      "failOnErrWritten" : false,
      "warnOnErrWritten" : false
    },
    "Nuveen_LevFin_Eagle_Load_Process" : {
      "agentName" : "JSAgent",
      "withSubagentClusterIdExpr" : false,
      "executable" : {
        "TYPE" : "ShellScriptExecutable",
        "script" : "cd $scripts_home\n./jobutilities execWkf $input_param_file $event_name $target_application",
        "env" : {
          "scripts_home" : "'/ext/app/jobscheduler/scripts/'",
          "input_param_file" : "'/edmfs/app/InputParams/Nuveen_LevFin_Eagle_Load_Process.json'",
          "event_name" : "'Nuveen_LevFin_PFD_Wrapper'",
          "target_application" : "'fileloading'"
        },
        "v1Compatible" : false
      },
      "skipIfNoAdmissionForOrderDay" : false,
      "parallelism" : 1,
      "graceTimeout" : 15,
      "failOnErrWritten" : false,
      "warnOnErrWritten" : false,
      "title" : "Nuveen_LevFin_Eagle_Load_Process"
    },
    "Eagle_Completion_Job" : {
      "agentName" : "JSAgent",
      "withSubagentClusterIdExpr" : false,
      "executable" : {
        "TYPE" : "InternalExecutable",
        "className" : "com.sos.jitl.jobs.db.SQLExecutorJob",
        "arguments" : {
          "command" : "\"select count(*) as eglcount from ser_gs_gc.ft_t_jblg where job_id in ( \\nSELECT prnt_job_id   FROM ser_gs_gc.ft_t_jblg WHERE (UPPER(job_input_txt) ~* (UPPER('EDI_GS_.*\\\\.txt') ) OR UPPER(job_msg_typ) ~* (UPPER('EDI_GS_.*\\\\.txt'))) \\nAND date_trunc('day', ser_gs_gc.sysdate() - interval '0 days') = date_trunc('day', job_start_tms) AND job_end_tms IS NOT null\\n) and job_config_txt = 'Eagle EDI Dataload Parent Job' and job_stat_typ ='CLOSED';\"",
          "resultset_as_variables" : "\"column_value\"",
          "hibernate_configuration_file" : "\"/ext/app/jobscheduler/base/sos-berlin.com/joc/resources/joc/hibernate.cfg.xml\""
        }
      },
      "skipIfNoAdmissionForOrderDay" : false,
      "parallelism" : 1,
      "graceTimeout" : 15,
      "failOnErrWritten" : false,
      "warnOnErrWritten" : false,
      "title" : "Eagle_Completion_Job"
    },
    "BBG_Load_Check" : {
      "agentName" : "JSAgent",
      "withSubagentClusterIdExpr" : false,
      "executable" : {
        "TYPE" : "InternalExecutable",
        "className" : "com.sos.jitl.jobs.db.SQLExecutorJob",
        "arguments" : {
          "command" : "\"select count(*) as bbloadcount from ser_gs_gc.ft_t_jblg where job_id in ( \\nSELECT prnt_job_id   FROM ser_gs_gc.ft_t_jblg WHERE (UPPER(job_input_txt) ~* (UPPER('GS.*\\\\.OUT') ) OR UPPER(job_msg_typ) ~* (UPPER('GS.*\\\\.OUT'))) \\nAND date_trunc('day', ser_gs_gc.sysdate() - interval '0 days') = date_trunc('day', job_start_tms) AND job_end_tms IS NOT null\\n) and job_config_txt = 'LevFin - Bloomberg Per Security Job' and job_stat_typ = 'CLOSED'\"",
          "resultset_as_variables" : "\"column_value\"",
          "hibernate_configuration_file" : "\"/ext/app/jobscheduler/base/sos-berlin.com/joc/resources/joc/hibernate.cfg.xml\""
        }
      },
      "skipIfNoAdmissionForOrderDay" : false,
      "parallelism" : 1,
      "graceTimeout" : 15,
      "failOnErrWritten" : false,
      "warnOnErrWritten" : false
    },
    "Echo_BB_Fileload_Completed" : {
      "agentName" : "JSAgent",
      "withSubagentClusterIdExpr" : false,
      "executable" : {
        "TYPE" : "ShellScriptExecutable",
        "script" : "echo \"BB PerSec Job has already Processed. Skipping!\"",
        "v1Compatible" : false
      },
      "skipIfNoAdmissionForOrderDay" : false,
      "parallelism" : 1,
      "graceTimeout" : 15,
      "failOnErrWritten" : false,
      "warnOnErrWritten" : false,
      "title" : "Echo_BB_Fileload_Completed"
    },
    "Echo_BB_Fileload_Started" : {
      "agentName" : "JSAgent",
      "withSubagentClusterIdExpr" : false,
      "executable" : {
        "TYPE" : "ShellScriptExecutable",
        "script" : "echo \"BB PerSec Job Processing started.\"",
        "v1Compatible" : false
      },
      "skipIfNoAdmissionForOrderDay" : false,
      "parallelism" : 1,
      "graceTimeout" : 15,
      "failOnErrWritten" : false,
      "warnOnErrWritten" : false,
      "title" : "Echo_BB_Fileload_Started"
    },
    "Nuveen_LevFin_BBPerSec_Load_Process" : {
      "agentName" : "JSAgent",
      "withSubagentClusterIdExpr" : false,
      "executable" : {
        "TYPE" : "ShellScriptExecutable",
        "script" : "cd $scripts_home\n./jobutilities execWkf $input_param_file $event_name $target_application",
        "env" : {
          "scripts_home" : "'/ext/app/jobscheduler/scripts/'",
          "input_param_file" : "'/edmfs/app/InputParams/Nuveen_BBPerSec_LevFin_Wrapper.json'",
          "event_name" : "'Nuveen_BBPerSec_LevFin_Wrapper'",
          "target_application" : "'fileloading'"
        },
        "v1Compatible" : false
      },
      "skipIfNoAdmissionForOrderDay" : false,
      "parallelism" : 2,
      "graceTimeout" : 15,
      "failOnErrWritten" : false,
      "warnOnErrWritten" : false,
      "title" : "Nuveen_LevFin_BBPerSec_Load_Process"
    },
    "Echo_Eagle_Fileload_Not_Complete" : {
      "agentName" : "JSAgent",
      "withSubagentClusterIdExpr" : false,
      "executable" : {
        "TYPE" : "ShellScriptExecutable",
        "script" : "echo \"Echo Eagle Fileload Not Complete. Proceeding!\"",
        "v1Compatible" : false
      },
      "skipIfNoAdmissionForOrderDay" : false,
      "parallelism" : 1,
      "graceTimeout" : 15,
      "failOnErrWritten" : false,
      "warnOnErrWritten" : false,
      "title" : "Echo_Eagle_Fileload_Not_Complete"
    },
    "Echo_Fileload_Not_Completed" : {
      "agentName" : "JSAgent",
      "withSubagentClusterIdExpr" : false,
      "executable" : {
        "TYPE" : "ShellScriptExecutable",
        "script" : "echo \"File has not been loaded\"",
        "v1Compatible" : false
      },
      "skipIfNoAdmissionForOrderDay" : false,
      "parallelism" : 1,
      "graceTimeout" : 15,
      "failOnErrWritten" : false,
      "warnOnErrWritten" : false
    },
    "Echo_No_Dependency" : {
      "agentName" : "JSAgent",
      "withSubagentClusterIdExpr" : false,
      "executable" : {
        "TYPE" : "ShellScriptExecutable",
        "script" : "echo \"no dependency check\"",
        "v1Compatible" : false
      },
      "skipIfNoAdmissionForOrderDay" : false,
      "parallelism" : 1,
      "graceTimeout" : 15,
      "failOnErrWritten" : false,
      "warnOnErrWritten" : false
    }
  }
}