{
  "TYPE" : "Workflow",
  "version" : "1.1.0",
  "timeZone" : "America/New_York",
  "orderPreparation" : {
    "parameters" : {
      "checkDependency" : {
        "type" : "Boolean",
        "default" : "true"
      },
      "file_pattern" : {
        "type" : "String",
        "default" : "'LevFin ISGP Refresh Job'"
      },
      "dayMinus" : {
        "type" : "String",
        "default" : "'0'"
      }
    },
    "allowUndeclared" : false
  },
  "instructions" : [ {
    "TYPE" : "If",
    "predicate" : "$checkDependency==true",
    "then" : {
      "instructions" : [ {
        "TYPE" : "Execute.Named",
        "jobName" : "Echo_Dependency_Check",
        "label" : "Echo_Dependency_Check"
      }, {
        "TYPE" : "Execute.Named",
        "jobName" : "JBLG_Check",
        "label" : "JBLG_Check"
      }, {
        "TYPE" : "If",
        "predicate" : "$count.toNumber > 0",
        "then" : {
          "instructions" : [ {
            "TYPE" : "Execute.Named",
            "jobName" : "Echo_Fileload_Completed",
            "label" : "Echo_Fileload_Completed"
          }, {
            "TYPE" : "Execute.Named",
            "jobName" : "Nuveen_LevFin_WSO_Load_Process",
            "label" : "Nuveen_LevFin_WSO_Load_Process"
          } ]
        },
        "else" : {
          "instructions" : [ {
            "TYPE" : "Execute.Named",
            "jobName" : "Echo_Fileload_Not_Completed",
            "label" : "Echo_Fileload_Not_Completed"
          } ]
        }
      } ]
    },
    "else" : {
      "instructions" : [ {
        "TYPE" : "Execute.Named",
        "jobName" : "Echo_No_Dependency",
        "label" : "Echo_No_Dependency"
      }, {
        "TYPE" : "Execute.Named",
        "jobName" : "Nuveen_LevFin_WSO_Load_Process",
        "label" : "WSO_Load_Without_Dependency"
      } ]
    }
  } ],
  "jobs" : {
    "Echo_Dependency_Check" : {
      "agentName" : "JSAgent",
      "withSubagentClusterIdExpr" : false,
      "executable" : {
        "TYPE" : "ShellScriptExecutable",
        "script" : "echo \"no dependency check\"",
        "v1Compatible" : false
      },
      "skipIfNoAdmissionForOrderDay" : false,
      "parallelism" : 1,
      "graceTimeout" : 15,
      "failOnErrWritten" : false,
      "warnOnErrWritten" : false
    },
    "JBLG_Check" : {
      "agentName" : "JSAgent",
      "withSubagentClusterIdExpr" : false,
      "executable" : {
        "TYPE" : "InternalExecutable",
        "className" : "com.sos.jitl.jobs.db.SQLExecutorJob",
        "arguments" : {
          "command" : "\"select count(*) as count from ser_gs_gc.ft_t_jblg where job_config_txt = '$file_pattern'AND date_trunc('day', ser_gs_gc.sysdate() - interval '$dayMinus days') = date_trunc('day', job_start_tms) AND job_end_tms IS NOT NULL\"",
          "resultset_as_variables" : "\"column_value\"",
          "hibernate_configuration_file" : "\"/ext/app/jobscheduler/base/sos-berlin.com/joc/resources/joc/hibernate.cfg.xml\""
        }
      },
      "skipIfNoAdmissionForOrderDay" : false,
      "parallelism" : 1,
      "graceTimeout" : 15,
      "failOnErrWritten" : false,
      "warnOnErrWritten" : false
    },
    "Echo_Fileload_Completed" : {
      "agentName" : "JSAgent",
      "withSubagentClusterIdExpr" : false,
      "executable" : {
        "TYPE" : "ShellScriptExecutable",
        "script" : "echo \"File has been loaded. Proceeding!\"",
        "v1Compatible" : false
      },
      "skipIfNoAdmissionForOrderDay" : false,
      "parallelism" : 1,
      "graceTimeout" : 15,
      "failOnErrWritten" : false,
      "warnOnErrWritten" : false
    },
    "Nuveen_LevFin_WSO_Load_Process" : {
      "agentName" : "JSAgent",
      "withSubagentClusterIdExpr" : false,
      "executable" : {
        "TYPE" : "ShellScriptExecutable",
        "script" : "cd $scripts_home\n./jobutilities execWkf $input_param_file $event_name $target_application",
        "env" : {
          "scripts_home" : "'/ext/app/jobscheduler/scripts/'",
          "input_param_file" : "'/edmfs/app/InputParams/Nuveen_LevFin_WSO_Load_Process.json'",
          "event_name" : "'Nuveen_LevFin_PFD_Wrapper'",
          "target_application" : "'fileloading'"
        },
        "v1Compatible" : false
      },
      "skipIfNoAdmissionForOrderDay" : false,
      "parallelism" : 1,
      "graceTimeout" : 15,
      "failOnErrWritten" : false,
      "warnOnErrWritten" : false,
      "title" : "Nuveen_LevFin_WSO_Load_Process"
    },
    "Echo_Fileload_Not_Completed" : {
      "agentName" : "JSAgent",
      "withSubagentClusterIdExpr" : false,
      "executable" : {
        "TYPE" : "ShellScriptExecutable",
        "script" : "echo \"File has not been loaded\"",
        "v1Compatible" : false
      },
      "skipIfNoAdmissionForOrderDay" : false,
      "parallelism" : 1,
      "graceTimeout" : 15,
      "failOnErrWritten" : false,
      "warnOnErrWritten" : false
    },
    "Echo_No_Dependency" : {
      "agentName" : "JSAgent",
      "withSubagentClusterIdExpr" : false,
      "executable" : {
        "TYPE" : "ShellScriptExecutable",
        "script" : "echo \"no dependency check\"",
        "v1Compatible" : false
      },
      "skipIfNoAdmissionForOrderDay" : false,
      "parallelism" : 1,
      "graceTimeout" : 15,
      "failOnErrWritten" : false,
      "warnOnErrWritten" : false
    }
  }
}