{
  "TYPE" : "Workflow",
  "version" : "1.1.0",
  "timeZone" : "America/New_York",
  "instructions" : [ {
    "TYPE" : "Execute.Named",
    "jobName" : "Nuveen_LevFin_EOD_Publish_Job",
    "label" : "Nuveen_LevFin_EOD_Publish_Job"
  } ],
  "jobs" : {
    "Nuveen_LevFin_EOD_Publish_Job" : {
      "agentName" : "JSAgent",
      "withSubagentClusterIdExpr" : false,
      "executable" : {
        "TYPE" : "ShellScriptExecutable",
        "script" : "cd $scripts_home\n./jobutilities execWkf_inputParam '{\"ParentJobId\":null}' $event_name $target_application",
        "env" : {
          "event_name" : "'Nuveen_LevFin_Publish_Wrapper'",
          "scripts_home" : "'/ext/app/jobscheduler/scripts/'",
          "target_application" : "'publishing'"
        },
        "v1Compatible" : false
      },
      "skipIfNoAdmissionForOrderDay" : false,
      "parallelism" : 1,
      "graceTimeout" : 15,
      "failOnErrWritten" : false,
      "warnOnErrWritten" : false,
      "title" : "Nuveen LevFin EOD Publish Job"
    }
  }
}