{
  "TYPE" : "Workflow",
  "version" : "1.1.0",
  "timeZone" : "America/New_York",
  "instructions" : [ {
    "TYPE" : "Execute.Named",
    "jobName" : "Nuveen_LevFin_ISGP_Refresh",
    "label" : "Nuveen_LevFin_ISGP_Refresh"
  } ],
  "jobs" : {
    "Nuveen_LevFin_ISGP_Refresh" : {
      "agentName" : "JSAgent",
      "withSubagentClusterIdExpr" : false,
      "executable" : {
        "TYPE" : "ShellScriptExecutable",
        "script" : "cd $scripts_home\n./jobutilities execWkf $input_param_file $event_name $target_application",
        "env" : {
          "scripts_home" : "'/ext/app/jobscheduler/scripts/'",
          "input_param_file" : "'/edmfs/app/InputParams/Nuveen_LevFin_ISGP_Refresh.json'",
          "event_name" : "'Nuveen_LevFin_ISGP_Refresh'",
          "target_application" : "'fileloading'"
        },
        "v1Compatible" : false
      },
      "skipIfNoAdmissionForOrderDay" : false,
      "parallelism" : 1,
      "graceTimeout" : 15,
      "failOnErrWritten" : false,
      "warnOnErrWritten" : false
    }
  }
}